query_percent,original_size(KB),size(KB),nth_insert,avg_rel_error,avg_query_time
0.05,2032.7,2032.7,0,0.2283,0.010747
0.1,2032.7,2032.7,0,0.1531,0.009368
0.15,2032.7,2032.7,0,0.128,0.009503
0.1,2032.70,3854.05,0,0.6945,0.010227
0.1,2032.70,3877.53,1,0.6817,0.009849
0.1,2032.70,3927.11,2,0.6186,0.009902
0.1,2032.70,3968.86,3,0.5996,0.010033
0.1,2032.70,4010.61,4,0.6001,0.00925
