method,size(KB),avg_rel_error,avg_query_time,t2medium_avg_query_time
DeepMapping++,2935.93,0.0015,0.00045,0.00039
DeepMapping++,2778.50,0.0016,0.00045,0.00040
DeepMapping++,2679.69,0.0018,0.00045,0.00038
DeepMapping++,2228.87,0.0028,0.00044,0.00039
DeepMapping++,1771.81,0.0050,0.00044,0.00039
DeepMapping++,1261.38,0.0079,0.00042,0.00038
DeepMapping++,849.99,0.0102,0.00042,0.00036
VerdictDB,2734.37,1.0,0.2892,0.3136
VerdictDB,2343.75,1.0,0.2503,0.2705
VerdictDB,1953.12,1.0,0.2063,0.2281
VerdictDB,1562.50,1.0,0.1671,0.1827
VerdictDB,1171.87,1.0,0.1256,0.1410
VerdictDB,781.25,1.0,0.0866,0.0965
DBEst++,3004.98,0.8902,0.0202,0.0219
DBEst++,2539.75,0.8897,0.0202,0.0220
DBEst++,2113.57,0.8904,0.0201,0.0220
DBEst++,1726.46,0.8901,0.0201,0.0214
DBEst++,1378.42,0.8903,0.0200,0.0216
DBEst++,1069.43,0.8902,0.0200,0.0215