query_percent,nth_insert,avg_rel_error_w_buffer,avg_rel_error_wo_buffer,avg_time_w_buffer,avg_time_wo_buffer
0.1,0,0.111,0.111,0.000302,0.00029
0.1,1,0.122,0.1191,0.000294,0.000282
0.1,2,0.1266,0.1266,0.000291,0.00028
0.1,3,0.1317,0.128,0.000293,0.000281
0.1,4,0.1421,0.1192,0.0003,0.000288
