query_percent,original_size(KB),size(KB),nth_insert,avg_rel_error,avg_query_time
0.1,2824.22,2824.22,0,0.7323,0.013221
0.1,2824.22,2882.81,1,0.7541,0.010134
0.1,2824.22,2951.17,2,0.7404,0.01023
0.1,2824.22,2998.05,3,0.7864,0.009864
0.1,2824.22,3076.17,4,0.7728,0.009556
