query_percent,original_size(KB),size(KB),nth_insert,avg_rel_error,avg_query_time
0.1,2254.5,2254.5,0,0.1374,0.011474
0.1,2254.50,2304.08,1,0.1435,0.00846
0.1,2254.50,2348.44,2,0.1261,0.008567
0.1,2254.50,2392.80,3,0.1242,0.008454
0.1,2254.50,2424.11,4,0.1327,0.008191
