query_percent,original_size(KB),size(KB),nth_insert,avg_rel_error,avg_query_time
0.1,2184.05,2184.05,0,0.1445,0.011301
0.1,2058.5,2058.5,0,0.1517,0.011239
0.1,2075.28,2075.28,0,0.1665,0.011749
0.1,1693.75,1693.75,0,0.1845,0.011306
0.1,1564.45,1564.45,0,0.1873,0.011685
0.1,1410.16,1410.16,0,0.269,0.010963
0.1,1144.0,1144.0,0,0.2567,0.010901
0.1,844.17,844.17,0,0.2913,0.010492

